{
    "user_id": 12371283,
    "search_date": 1677882351,
    "results": {
        "store,": [
            {
                "name": "Store",
                "address": "557 86th St, Brooklyn, NY 11209, USA",
                "phone": "",
                "website": "",
                "keyword": "store,"
            },
            {
                "name": "Convenience Store",
                "address": "507 Clinton St, Brooklyn, NY 11231, USA",
                "phone": "",
                "website": "",
                "keyword": "store,"
            },
            {
                "name": "Universe Convenience store",
                "address": "879 7th Ave, New York, NY 10019, USA",
                "phone": "(646) 448-4776",
                "website": "",
                "keyword": "store,"
            },
            {
                "name": "Novedades Variety Store",
                "address": "3393 Broadway, New York, NY 10031, USA",
                "phone": "",
                "website": "http://novedadesvarietystore.com/",
                "keyword": "store,"
            },
            {
                "name": "Apple Fifth Avenue",
                "address": "767 5th Ave, New York, NY 10153, USA",
                "phone": "(212) 336-1440",
                "website": "https://www.apple.com/retail/fifthavenue?cid=aos-us-seo-maps",
                "keyword": "store,"
            },
            {
                "name": "Viva's Variety Store",
                "address": "1644 Sheepshead Bay Rd, Brooklyn, NY 11235, USA",
                "phone": "(718) 368-0888",
                "website": "",
                "keyword": "store,"
            },
            {
                "name": "New Stand",
                "address": "230 Vesey St, New York, NY 10281, USA",
                "phone": "(917) 725-2561",
                "website": "http://thenewstand.com/",
                "keyword": "store,"
            },
            {
                "name": "A & S Edison C-Store Inc",
                "address": "737 US-1, Edison, NJ 08817, USA",
                "phone": "(732) 572-7416",
                "website": "",
                "keyword": "store,"
            },
            {
                "name": "Garys Corner",
                "address": "290 Broadway, New York, NY 10007, USA",
                "phone": "(212) 785-6590",
                "website": "",
                "keyword": "store,"
            },
            {
                "name": "Retail Store",
                "address": "700 Castle Rd, Secaucus, NJ 07094, USA",
                "phone": "",
                "website": "",
                "keyword": "store,"
            },
            {
                "name": "Convenience Store",
                "address": "1677 Flatbush Avenue, Brooklyn, NY 11210, USA",
                "phone": "",
                "website": "",
                "keyword": "store,"
            },
            {
                "name": "STORE",
                "address": "125-07 Merrick Blvd, Jamaica, NY 11434, USA",
                "phone": "",
                "website": "",
                "keyword": "store,"
            },
            {
                "name": "NY Village Convenience",
                "address": "45 1st Ave., New York, NY 10003, USA",
                "phone": "(917) 261-5242",
                "website": "https://ny-village-convenience.business.site/?utm_source=gmb&utm_medium=referral",
                "keyword": "store,"
            },
            {
                "name": "Quick Stop",
                "address": "816 Amboy Ave, Perth Amboy, NJ 08861, USA",
                "phone": "(201) 272-4310",
                "website": "",
                "keyword": "store,"
            },
            {
                "name": "One Stop Shop Convenience and Smoke Shop",
                "address": "1826 NJ-35, South Amboy, NJ 08879, USA",
                "phone": "(732) 313-6221",
                "website": "https://onestopshop.dine.online/",
                "keyword": "store,"
            },
            {
                "name": "The store",
                "address": "10106 Astoria Blvd, Queens, NY 11369, USA",
                "phone": "(929) 603-4321",
                "website": "",
                "keyword": "store,"
            },
            {
                "name": "Rise and shine convenience store",
                "address": "Wall St, New York, NY 10004, USA",
                "phone": "",
                "website": "",
                "keyword": "store,"
            },
            {
                "name": "store",
                "address": "3517 Ave. S, Brooklyn, NY 11234, USA",
                "phone": "",
                "website": "",
                "keyword": "store,"
            },
            {
                "name": "Apple Upper East Side",
                "address": "940 Madison Ave, New York, NY 10021, USA",
                "phone": "(646) 343-2700",
                "website": "https://www.apple.com/retail/uppereastside/?cid=aos-us-seo-maps",
                "keyword": "store,"
            },
            {
                "name": "Apple Grand Central",
                "address": "45 Grand Central Terminal, New York, NY 10017, USA",
                "phone": "(212) 284-1800",
                "website": "https://www.apple.com/retail/grandcentral?cid=aos-us-seo-maps",
                "keyword": "store,"
            },
            {
                "name": "Target Grocery",
                "address": "112 W 34th St., New York, NY 10120, USA",
                "phone": "(646) 968-4739",
                "website": "https://www.target.com/c/order-pickup/-/N-ng0a0?aisles_cid=5xt1a%2CGrocery%2C%2Fc%2Fgrocery%2F-%2FN-5xt1a",
                "keyword": "store,"
            },
            {
                "name": "Apple Upper West Side",
                "address": "1981 Broadway, New York, NY 10023, USA",
                "phone": "(212) 209-3400",
                "website": "https://www.apple.com/retail/upperwestside?cid=aos-us-seo-maps",
                "keyword": "store,"
            },
            {
                "name": "the store",
                "address": "123 Main St, Edison, NJ 08837, USA",
                "phone": "",
                "website": "",
                "keyword": "store,"
            },
            {
                "name": "Apple West 14th Street",
                "address": "401 W 14th St, New York, NY 10014, USA",
                "phone": "(212) 444-3400",
                "website": "https://www.apple.com/retail/west14thstreet?cid=aos-us-seo-maps",
                "keyword": "store,"
            },
            {
                "name": "692 grocery inc",
                "address": "6928 5th Ave, Brooklyn, NY 11209, USA",
                "phone": "",
                "website": "",
                "keyword": "store,"
            },
            {
                "name": "A & B 99¢ Store",
                "address": "1114 St Johns Pl, Brooklyn, NY 11213, USA",
                "phone": "(718) 200-9161",
                "website": "",
                "keyword": "store,"
            },
            {
                "name": "Tiger Mart",
                "address": "34 US-1, New Brunswick, NJ 08901, USA",
                "phone": "",
                "website": "",
                "keyword": "store,"
            },
            {
                "name": "2166 Convenience Store",
                "address": "2166 Frederick Douglass Blvd, New York, NY 10026, USA",
                "phone": "(646) 251-3612",
                "website": "",
                "keyword": "store,"
            },
            {
                "name": "General Store Corporation",
                "address": "592 Ridge Rd, North Arlington, NJ 07031, USA",
                "phone": "(201) 991-6767",
                "website": "https://www.thegeneral.com/",
                "keyword": "store,"
            },
            {
                "name": "Krauszer's Food Stores",
                "address": "50 Bayard St, New Brunswick, NJ 08901, USA",
                "phone": "(732) 220-0160",
                "website": "",
                "keyword": "store,"
            },
            {
                "name": "dollarstretches",
                "address": "661 Gornik Dr, Perth Amboy, NJ 08861, USA",
                "phone": "(732) 904-8664",
                "website": "http://dollarstretch.net/",
                "keyword": "store,"
            },
            {
                "name": "The Container Store",
                "address": "629 6th Ave, New York, NY 10011, USA",
                "phone": "(212) 366-4200",
                "website": "https://www.containerstore.com/locations/showStore.htm?store=6AV&cid=ns:maps:google:main-store:39-new_york",
                "keyword": "store,"
            },
            {
                "name": "Target",
                "address": "112 W 34th St., New York, NY 10120, USA",
                "phone": "(646) 968-4739",
                "website": "https://www.target.com/sl/manhattan-herald-square/3277",
                "keyword": "store,"
            },
            {
                "name": "Convenience",
                "address": "145 5th Ave, Brooklyn, NY 11217, USA",
                "phone": "",
                "website": "",
                "keyword": "store,"
            },
            {
                "name": "Target",
                "address": "237 W 42nd St, New York, NY 10036, USA",
                "phone": "(212) 884-2217",
                "website": "https://www.target.com/",
                "keyword": "store,"
            },
            {
                "name": "JG Variety Store",
                "address": "2361 86th St, Brooklyn, NY 11214, USA",
                "phone": "",
                "website": "",
                "keyword": "store,"
            },
            {
                "name": "Best Buy",
                "address": "622 Broadway, New York, NY 10012, USA",
                "phone": "(212) 673-4067",
                "website": "https://stores.bestbuy.com/ny/new-york/622-broadway-609.html/?ref=NS&loc=ns100",
                "keyword": "store,"
            },
            {
                "name": "A CORNER STORE",
                "address": "301 E 9th Ave, Roselle, NJ 07203, USA",
                "phone": "",
                "website": "",
                "keyword": "store,"
            },
            {
                "name": "Target",
                "address": "1863 Broadway, New York, NY 10023, USA",
                "phone": "(646) 429-3934",
                "website": "https://www.target.com/sl/upper-west-side-61st-and-broadway/3334",
                "keyword": "store,"
            },
            {
                "name": "Target",
                "address": "615 10th Ave, New York, NY 10036, USA",
                "phone": "(212) 389-1418",
                "website": "https://www.target.com/sl/manhattan-hells-kitchen/3268",
                "keyword": "store,"
            },
            {
                "name": "The store",
                "address": "227 Madison St, New York, NY 10002, USA",
                "phone": "(218) 590-7363",
                "website": "",
                "keyword": "store,"
            },
            {
                "name": "The General Store",
                "address": "220 36th St, Brooklyn, NY 11232, USA",
                "phone": "",
                "website": "https://www.brooklyngeneral.com/",
                "keyword": "store,"
            },
            {
                "name": "The Container Store",
                "address": "372 W Mt Pleasant Ave, Livingston, NJ 07039, USA",
                "phone": "(862) 245-5990",
                "website": "https://www.containerstore.com/locations/showStore.htm?store=LIV&cid=ns:maps:google:main-store:39-livingston",
                "keyword": "store,"
            },
            {
                "name": "Russian Store",
                "address": "23-08 Broadway, Fair Lawn, NJ 07410, USA",
                "phone": "",
                "website": "",
                "keyword": "store,"
            },
            {
                "name": "Ntiestro Grocery Store",
                "address": "Cliffe St, New Brunswick, NJ 08901, USA",
                "phone": "",
                "website": "",
                "keyword": "store,"
            },
            {
                "name": "Jacks",
                "address": "110 W 32nd St #330, New York, NY 10001, USA",
                "phone": "(212) 268-9962",
                "website": "",
                "keyword": "store,"
            },
            {
                "name": "Easy Mart",
                "address": "100 Summerhill Rd Suite 15, Spotswood, NJ 08884, USA",
                "phone": "(732) 251-6100",
                "website": "https://easymartnj.business.site/",
                "keyword": "store,"
            },
            {
                "name": "180 The Store",
                "address": "180 Duane St, New York, NY 10013, USA",
                "phone": "(212) 226-5506",
                "website": "http://180thestore.com/",
                "keyword": "store,"
            },
            {
                "name": "Sunny Mart",
                "address": "NJ-440, Edison, NJ 08830, USA",
                "phone": "",
                "website": "",
                "keyword": "store,"
            },
            {
                "name": "Best Buy",
                "address": "52 E 14th St, New York, NY 10003, USA",
                "phone": "(212) 466-4789",
                "website": "https://stores.bestbuy.com/ny/new-york/52-e-14th-st-1531.html/?ref=NS&loc=ns100",
                "keyword": "store,"
            },
            {
                "name": "The Container Store",
                "address": "48 Market Street, Yonkers, NY 10710, USA",
                "phone": "(914) 465-4010",
                "website": "http://www.containerstore.com/locations/showStore.htm?store=YON",
                "keyword": "store,"
            },
            {
                "name": "Walmart Supercenter",
                "address": "400 Park Pl, Secaucus, NJ 07094, USA",
                "phone": "(201) 325-9280",
                "website": "https://www.walmart.com/store/3520-secaucus-nj",
                "keyword": "store,"
            },
            {
                "name": "Best Buy",
                "address": "1280 Lexington Ave, New York, NY 10028, USA",
                "phone": "(917) 492-8870",
                "website": "https://stores.bestbuy.com/ny/new-york/1280-lexington-ave-835.html/?ref=NS&loc=ns100",
                "keyword": "store,"
            },
            {
                "name": "Dollar Tree",
                "address": "31-72 31st St, Queens, NY 11106, USA",
                "phone": "(718) 662-5983",
                "website": "https://www.dollartree.com/locations/ny/astoria/4938/?utm_source=google&utm_medium=organic&utm_campaign=maps",
                "keyword": "store,"
            },
            {
                "name": "RS Food Mart & Deli",
                "address": "219 Riva Ave, Milltown, NJ 08850, USA",
                "phone": "(732) 940-9655",
                "website": "",
                "keyword": "store,"
            },
            {
                "name": "The Container Store",
                "address": "370 NJ-17 #1, Paramus, NJ 07652, USA",
                "phone": "(201) 265-9004",
                "website": "https://www.containerstore.com/locations/showStore.htm?store=PAR&cid=ns:maps:google:main-store:32-paramus",
                "keyword": "store,"
            },
            {
                "name": "Villa Mini Market",
                "address": "648 W 3rd St, Plainfield, NJ 07060, USA",
                "phone": "(908) 791-1222",
                "website": "",
                "keyword": "store,"
            },
            {
                "name": "Target",
                "address": "139 Flatbush Ave, Brooklyn, NY 11217, USA",
                "phone": "(718) 290-1109",
                "website": "https://www.target.com/sl/atlantic-terminal/1849",
                "keyword": "store,"
            },
            {
                "name": "The Container Store",
                "address": "283 Platinum Ave Suite 1365, Staten Island, NY 10314, USA",
                "phone": "(929) 900-7120",
                "website": "https://www.containerstore.com/locations/showStore.htm?store=STA&cid=ns:maps:google:main-store:100-staten_island",
                "keyword": "store,"
            },
            {
                "name": "Quick Mart Convenience Store",
                "address": "921 Hamilton St, Somerset, NJ 08873, USA",
                "phone": "(732) 545-4448",
                "website": "",
                "keyword": "store,"
            }
        ],
        "market,": [
            {
                "name": "Market Place",
                "address": "1218 Myrtle Ave, Brooklyn, NY 11221, USA",
                "phone": "(718) 574-6533",
                "website": "",
                "keyword": "market,"
            },
            {
                "name": "Grand Central Market",
                "address": "89 E 42nd St, New York, NY 10017, USA",
                "phone": "",
                "website": "https://www.grandcentralterminal.com/grand-central-market/",
                "keyword": "market,"
            },
            {
                "name": "Westside Market NYC",
                "address": "77 7th Ave, New York, NY 10011, USA",
                "phone": "(212) 807-7771",
                "website": "https://wmarketnyc.com/77-seventh-avenue/?utm_source=gmb&utm_medium=Yext",
                "keyword": "market,"
            },
            {
                "name": "Chelsea Market",
                "address": "75 9th Ave, New York, NY 10011, USA",
                "phone": "(212) 652-2111",
                "website": "https://www.chelseamarket.com/",
                "keyword": "market,"
            },
            {
                "name": "Mulberry Market NYC",
                "address": "251 Mulberry St, New York, NY 10012, USA",
                "phone": "(212) 226-1777",
                "website": "",
                "keyword": "market,"
            },
            {
                "name": "Carnegie Market",
                "address": "1245 Park Ave, New York, NY 10128, USA",
                "phone": "(646) 609-2122",
                "website": "https://www.carnegiemarket.com/",
                "keyword": "market,"
            },
            {
                "name": "Central Markets",
                "address": "300 W 110th St, New York, NY 10025, USA",
                "phone": "(212) 932-1990",
                "website": "http://www.centralmarketsnyc.com/",
                "keyword": "market,"
            },
            {
                "name": "Murray Hill Market",
                "address": "136 E 34th St, New York, NY 10016, USA",
                "phone": "(212) 725-4200",
                "website": "",
                "keyword": "market,"
            },
            {
                "name": "East 67th Street Market (btw 1st & York Ave)",
                "address": "419 E 67th St, New York, NY 10065, USA",
                "phone": "(718) 897-5992",
                "website": "",
                "keyword": "market,"
            },
            {
                "name": "Fulton Stall Market",
                "address": "91 South St, New York, NY 10038, USA",
                "phone": "(212) 349-1380",
                "website": "http://fultonstallmarket.com/",
                "keyword": "market,"
            },
            {
                "name": "Westside Market NYC",
                "address": "2840 Broadway, New York, NY 10025, USA",
                "phone": "(212) 222-3367",
                "website": "https://wmarketnyc.com/2840-broadway/?utm_source=gmb&utm_medium=Yext",
                "keyword": "market,"
            },
            {
                "name": "Garden Farm Market",
                "address": "470 Market St, Newark, NJ 07105, USA",
                "phone": "(973) 344-3665",
                "website": "http://www.gardenfarmmarket.com/",
                "keyword": "market,"
            },
            {
                "name": "New Brunswick Farmer's Market",
                "address": "139 French St, New Brunswick, NJ 08901, USA",
                "phone": "(732) 937-9674",
                "website": "",
                "keyword": "market,"
            },
            {
                "name": "Elmora Farmers Market",
                "address": "190 Elmora Ave, Elizabeth, NJ 07202, USA",
                "phone": "(908) 469-7233",
                "website": "",
                "keyword": "market,"
            },
            {
                "name": "Open Market",
                "address": "15 William St, New York, NY 10005, USA",
                "phone": "(212) 785-5555",
                "website": "http://www.openmarket.nyc/",
                "keyword": "market,"
            },
            {
                "name": "FOOD GARDEN MARKET",
                "address": "608 Franklin Ave, Brooklyn, NY 11238, USA",
                "phone": "(718) 399-1529",
                "website": "https://foodgardenmarket.com/",
                "keyword": "market,"
            },
            {
                "name": "Arthur Avenue Retail Market",
                "address": "2344 Arthur Ave, The Bronx, NY 10458, USA",
                "phone": "(718) 220-0346",
                "website": "http://www.arthuravenuebronx.com/",
                "keyword": "market,"
            },
            {
                "name": "Botanical Market (BMarket)",
                "address": "2220 Boston Rd, The Bronx, NY 10467, USA",
                "phone": "(718) 882-0700",
                "website": "",
                "keyword": "market,"
            },
            {
                "name": "The Farmers Market",
                "address": "Columbus Ave, New York, NY 10025, USA",
                "phone": "",
                "website": "",
                "keyword": "market,"
            },
            {
                "name": "Essex Market",
                "address": "88 Essex St, New York, NY 10002, USA",
                "phone": "",
                "website": "http://www.essexmarket.nyc/",
                "keyword": "market,"
            },
            {
                "name": "Hoboken Farmers' Market",
                "address": "400 Garden St, Hoboken, NJ 07030, USA",
                "phone": "",
                "website": "http://hobokenfarmersmarket.com/",
                "keyword": "market,"
            },
            {
                "name": "Vegetable Market",
                "address": "Wanamaker Pl, New York, NY 10003, USA",
                "phone": "",
                "website": "",
                "keyword": "market,"
            },
            {
                "name": "El Rey Farmer's Market",
                "address": "6124 Palisade Ave, West New York, NJ 07093, USA",
                "phone": "(201) 430-8071",
                "website": "http://el-rey-farmers-market.jany.io/",
                "keyword": "market,"
            },
            {
                "name": "Yellow Market",
                "address": "5812 Glenwood Rd, Brooklyn, NY 11234, USA",
                "phone": "(718) 251-3974",
                "website": "",
                "keyword": "market,"
            },
            {
                "name": "Giant Farmers Market",
                "address": "19 Wyckoff Ave, Waldwick, NJ 07463, USA",
                "phone": "(201) 444-9900",
                "website": "https://foodmarketwaldwick.com/",
                "keyword": "market,"
            },
            {
                "name": "Green Farmers Market",
                "address": "101 Plaza Center, Secaucus, NJ 07094, USA",
                "phone": "(201) 866-1200",
                "website": "https://www.facebook.com/GreenFarmersMarket/",
                "keyword": "market,"
            },
            {
                "name": "Rockaway Farmers Market",
                "address": "353 US-46, Rockaway, NJ 07866, USA",
                "phone": "(973) 627-7295",
                "website": "",
                "keyword": "market,"
            },
            {
                "name": "Mainland Market",
                "address": "325 Henry St, City of Orange, NJ 07050, USA",
                "phone": "(609) 486-2406",
                "website": "https://mainlandmarket.business.site/?utm_source=gmb&utm_medium=referral",
                "keyword": "market,"
            },
            {
                "name": "S S Market",
                "address": "2116 3rd Ave, New York, NY 10029, USA",
                "phone": "(212) 534-0871",
                "website": "",
                "keyword": "market,"
            },
            {
                "name": "Route 28 Farmer’s Market Inc",
                "address": "700 Union Ave, Middlesex, NJ 08846, USA",
                "phone": "(732) 356-4222",
                "website": "https://thefarmersmarketgroup.com/",
                "keyword": "market,"
            },
            {
                "name": "Giant Farmers Market",
                "address": "324 Main St, Hackensack, NJ 07601, USA",
                "phone": "(201) 498-0010",
                "website": "",
                "keyword": "market,"
            },
            {
                "name": "Food Story Natural Market",
                "address": "1552 Myrtle Ave, Brooklyn, NY 11237, USA",
                "phone": "(718) 942-5632",
                "website": "",
                "keyword": "market,"
            },
            {
                "name": "Garden Farmers Market",
                "address": "345 Franklin Ave, Belleville, NJ 07109, USA",
                "phone": "(973) 751-5666",
                "website": "http://www.thefarmermarketgroup.com/",
                "keyword": "market,"
            },
            {
                "name": "Journal Square Green Market",
                "address": "40 Journal Square Plaza, Jersey City, NJ 07306, USA",
                "phone": "(201) 795-1854",
                "website": "https://www.instagram.com/jsqgreenmarket/",
                "keyword": "market,"
            },
            {
                "name": "P & K Fruit Market",
                "address": "170 Newark Ave, Jersey City, NJ 07302, USA",
                "phone": "(201) 451-9888",
                "website": "",
                "keyword": "market,"
            },
            {
                "name": "Farmers market",
                "address": "Newark, NJ 07102, USA",
                "phone": "",
                "website": "",
                "keyword": "market,"
            },
            {
                "name": "Citarella Gourmet Market - West Village",
                "address": "424 6th Ave, New York, NY 10011, USA",
                "phone": "(212) 874-0383",
                "website": "http://www.citarella.com/content/citarella-village/?utm_source=gmb&utm_medium=organic&utm_campaign=new-york",
                "keyword": "market,"
            },
            {
                "name": "P&T Market Ny Inc.",
                "address": "33 Market St, New York, NY 10002, USA",
                "phone": "(212) 587-6287",
                "website": "",
                "keyword": "market,"
            },
            {
                "name": "Carib Food Market",
                "address": "1303 Fulton St, Brooklyn, NY 11216, USA",
                "phone": "(718) 398-2324",
                "website": "",
                "keyword": "market,"
            },
            {
                "name": "Main Farmers Market",
                "address": "Clifton, NJ 07011, USA",
                "phone": "",
                "website": "",
                "keyword": "market,"
            },
            {
                "name": "Garden Farm Market",
                "address": "927 W Kelly St, Metuchen, NJ 08840, USA",
                "phone": "(732) 906-0506",
                "website": "http://www.gardenfarmmarket.com/",
                "keyword": "market,"
            },
            {
                "name": "Turnstyle Underground Market",
                "address": "1000 S 8th Ave, New York, NY 10019, USA",
                "phone": "(212) 315-3335",
                "website": "https://www.turn-style.com/",
                "keyword": "market,"
            },
            {
                "name": "Grade A Market of Hope Street",
                "address": "495 Hope St, Stamford, CT 06906, USA",
                "phone": "(203) 325-9991",
                "website": "https://shop.shoprite.com/store/4019645",
                "keyword": "market,"
            },
            {
                "name": "Jersey Farmers Market",
                "address": "23-10 Broadway, Fair Lawn, NJ 07410, USA",
                "phone": "(201) 475-0060",
                "website": "",
                "keyword": "market,"
            },
            {
                "name": "6th Borough Market",
                "address": "Christopher Columbus Dr & Hudson St, Jersey City, NJ 07302, USA",
                "phone": "",
                "website": "http://www.6thboroughmarket.com/",
                "keyword": "market,"
            },
            {
                "name": "Hala Market",
                "address": "324 S Broadway, Yonkers, NY 10705, USA",
                "phone": "(914) 969-4224",
                "website": "",
                "keyword": "market,"
            },
            {
                "name": "Farm Market",
                "address": "233-21 NJ-18 South, East Brunswick, NJ 08816, USA",
                "phone": "",
                "website": "",
                "keyword": "market,"
            },
            {
                "name": "Union Square Holiday Market",
                "address": "E 14th St, New York, NY 10011, USA",
                "phone": "(212) 529-9262",
                "website": "http://www.usqholiday.nyc/",
                "keyword": "market,"
            },
            {
                "name": "Garden Farm Market",
                "address": "2545 US-1, North Brunswick Township, NJ 08902, USA",
                "phone": "(732) 940-9877",
                "website": "http://www.gardenfarmmarket.com/",
                "keyword": "market,"
            },
            {
                "name": "Morgans Market",
                "address": "13 Hudson St, New York, NY 10013, USA",
                "phone": "(212) 964-4283",
                "website": "https://splinternetmarketing.com/local-pros/california-1/clovis-2/central-valley-seo/",
                "keyword": "market,"
            },
            {
                "name": "Union Market",
                "address": "402-404 7th Ave, Brooklyn, NY 11215, USA",
                "phone": "(718) 499-4026",
                "website": "http://www.unionmarket.com/",
                "keyword": "market,"
            },
            {
                "name": "Central Produce Market",
                "address": "598 Central Ave, New Providence, NJ 07974, USA",
                "phone": "(908) 898-1800",
                "website": "https://thefarmersmarketgroup.com/",
                "keyword": "market,"
            },
            {
                "name": "Green Olive Market",
                "address": "214 Front St, South Plainfield, NJ 07080, USA",
                "phone": "(908) 205-0331",
                "website": "http://www.greenolivemarkets.com/",
                "keyword": "market,"
            },
            {
                "name": "Number 1 Farmers Market beer depot",
                "address": "1458 2nd Ave, New York, NY 10075, USA",
                "phone": "(212) 396-2626",
                "website": "",
                "keyword": "market,"
            },
            {
                "name": "Rt 10 Farmers Market Inc",
                "address": "577 W Mt Pleasant Ave, Livingston, NJ 07039, USA",
                "phone": "(973) 994-2224",
                "website": "http://www.thefarmersmarketgroup.com/",
                "keyword": "market,"
            },
            {
                "name": "Merci Market",
                "address": "1413 6th Ave, New York, NY 10019, USA",
                "phone": "(212) 581-1888",
                "website": "http://mercimarket.net/",
                "keyword": "market,"
            },
            {
                "name": "Butterfield Market",
                "address": "1150 Madison Ave, New York, NY 10028, USA",
                "phone": "(212) 758-2800",
                "website": "http://butterfieldmarket.com/",
                "keyword": "market,"
            },
            {
                "name": "Route 18 Farmers Market",
                "address": "253 NJ-18, East Brunswick, NJ 08816, USA",
                "phone": "(732) 565-1400",
                "website": "",
                "keyword": "market,"
            },
            {
                "name": "RB Bushwick Farmers Market",
                "address": "122 Starr St, Brooklyn, NY 11237, USA",
                "phone": "(718) 416-4561",
                "website": "https://www.bushwickfarmersmarket.org/",
                "keyword": "market,"
            },
            {
                "name": "Rock Farmers Market",
                "address": "924 Prospect St, Glen Rock, NJ 07452, USA",
                "phone": "(201) 444-9398",
                "website": "http://www.thefarmersmarketgroup.com/",
                "keyword": "market,"
            }
        ],
        "bar": [
            {
                "name": "bar",
                "address": "304 University Ave, Newark, NJ 07102, USA",
                "phone": "(844) 982-1116",
                "website": "",
                "keyword": "bar"
            },
            {
                "name": "68 Jay Street Bar",
                "address": "68 Jay St, Brooklyn, NY 11201, USA",
                "phone": "",
                "website": "http://www.68jaystreet.bar/",
                "keyword": "bar"
            },
            {
                "name": "142 Sullivan Bar",
                "address": "142 Sullivan St, New York, NY 10012, USA",
                "phone": "(212) 477-2404",
                "website": "http://142sullivan.com/",
                "keyword": "bar"
            },
            {
                "name": "Johnny's Bar",
                "address": "90 Greenwich Ave, New York, NY 10011, USA",
                "phone": "(212) 741-5279",
                "website": "",
                "keyword": "bar"
            },
            {
                "name": "Bar Culaccino",
                "address": "235 W 56th St, New York, NY 10019, USA",
                "phone": "(212) 510-8356",
                "website": "",
                "keyword": "bar"
            },
            {
                "name": "Bar Nine",
                "address": "807 9th Ave, New York, NY 10019, USA",
                "phone": "(212) 399-9336",
                "website": "http://www.bar9ny.com/",
                "keyword": "bar"
            },
            {
                "name": "230 Fifth Rooftop Bar",
                "address": "230 5th Ave, New York, NY 10001, USA",
                "phone": "(212) 725-4300",
                "website": "http://www.230-fifth.com/",
                "keyword": "bar"
            },
            {
                "name": "169 Bar",
                "address": "169 E Broadway, New York, NY 10002, USA",
                "phone": "",
                "website": "http://169barnyc.com/",
                "keyword": "bar"
            },
            {
                "name": "bar",
                "address": "538 Market St, Newark, NJ 07105, USA",
                "phone": "(470) 397-3491",
                "website": "",
                "keyword": "bar"
            },
            {
                "name": "D'palace bar",
                "address": "181 Throop Ave, New Brunswick, NJ 08901, USA",
                "phone": "",
                "website": "http://www.instagram.com/eldpalacebar",
                "keyword": "bar"
            },
            {
                "name": "The Local Bar",
                "address": "41-04 31st Ave, Queens, NY 11103, USA",
                "phone": "(917) 832-6797",
                "website": "https://thelocalbar4104.wixsite.com/website",
                "keyword": "bar"
            },
            {
                "name": "Barcelona Bar",
                "address": "923 8th Ave, New York, NY 10019, USA",
                "phone": "",
                "website": "http://www.barcelonabarnyc.com/",
                "keyword": "bar"
            },
            {
                "name": "Nassau Bar",
                "address": "118 Nassau St, New York, NY 10038, USA",
                "phone": "",
                "website": "http://instagram.com/nassaubarnyc",
                "keyword": "bar"
            },
            {
                "name": "Juke Bar",
                "address": "196 2nd Ave, New York, NY 10003, USA",
                "phone": "(212) 228-7464",
                "website": "https://jukebarnyc.com/",
                "keyword": "bar"
            },
            {
                "name": "Strangelove Bar Nyc",
                "address": "229 E 53rd St, New York, NY 10022, USA",
                "phone": "",
                "website": "http://www.strangeloveny.com/",
                "keyword": "bar"
            },
            {
                "name": "Yosy's Bar",
                "address": "Broad St, Perth Amboy, NJ 08861, USA",
                "phone": "",
                "website": "",
                "keyword": "bar"
            },
            {
                "name": "Bar 54",
                "address": "135 W 45th St, New York, NY 10036, USA",
                "phone": "(646) 364-1234",
                "website": "https://resy.com/cities/ny/10486?",
                "keyword": "bar"
            },
            {
                "name": "Bar Bayeux",
                "address": "1066 Nostrand Ave., Brooklyn, NY 11225, USA",
                "phone": "(347) 533-7845",
                "website": "http://barbayeux.com/",
                "keyword": "bar"
            },
            {
                "name": "Amaru Bar",
                "address": "84-13 Northern Blvd, Queens, NY 11372, USA",
                "phone": "(718) 205-5577",
                "website": "http://www.amarubar.com/",
                "keyword": "bar"
            },
            {
                "name": "Teddy's Bar",
                "address": "379 S Pine Ave, South Amboy, NJ 08879, USA",
                "phone": "",
                "website": "",
                "keyword": "bar"
            },
            {
                "name": "Le Bar",
                "address": "225 Liberty St, New York, NY 10281, USA",
                "phone": "(212) 981-8588",
                "website": "https://www.ledistrict.com/le-bar",
                "keyword": "bar"
            },
            {
                "name": "Industry Bar",
                "address": "355 W 52nd St, New York, NY 10019, USA",
                "phone": "",
                "website": "http://www.industry-bar.com/",
                "keyword": "bar"
            },
            {
                "name": "The Bar",
                "address": "28 W 53rd St, New York, NY 10019, USA",
                "phone": "(212) 790-8867",
                "website": "https://www.baccarathotels.com/dining/bar?utm_source=google-gbp&utm_medium=organic&utm_campaign=gbp",
                "keyword": "bar"
            },
            {
                "name": "Bar Freda",
                "address": "801 Seneca Ave, Queens, NY 11385, USA",
                "phone": "",
                "website": "https://www.barfreda.com/",
                "keyword": "bar"
            },
            {
                "name": "Sutton Bar Room",
                "address": "1074 1st Ave., New York, NY 10022, USA",
                "phone": "(212) 980-9850",
                "website": "http://www.suttonbarroom.com/",
                "keyword": "bar"
            },
            {
                "name": "Ace Bar",
                "address": "531 E 5th St, New York, NY 10009, USA",
                "phone": "(212) 979-8476",
                "website": "https://acebar.com/",
                "keyword": "bar"
            },
            {
                "name": "Back pocket bar",
                "address": "462 W 49th St, New York, NY 10019, USA",
                "phone": "(646) 609-4500",
                "website": "https://www.pocketbarnyc.com/",
                "keyword": "bar"
            },
            {
                "name": "Vig Bar",
                "address": "12 Spring St, New York, NY 10012, USA",
                "phone": "(212) 625-0011",
                "website": "http://www.vigbar.com/",
                "keyword": "bar"
            },
            {
                "name": "El Paisa Bar",
                "address": "8705 Northern Blvd, Queens, NY 11372, USA",
                "phone": "(718) 429-5622",
                "website": "http://www.elpaisabar.com/",
                "keyword": "bar"
            },
            {
                "name": "Bohemien Bar",
                "address": "97 Atlantic Ave, Brooklyn, NY 11201, USA",
                "phone": "(347) 844-9895",
                "website": "http://bohemienbar.com/",
                "keyword": "bar"
            },
            {
                "name": "Bar Right",
                "address": "Newark, NJ 07114, USA",
                "phone": "",
                "website": "",
                "keyword": "bar"
            },
            {
                "name": "LIC Bar",
                "address": "45-58 Vernon Blvd, Queens, NY 11101, USA",
                "phone": "(718) 786-5400",
                "website": "http://www.licbar.com/",
                "keyword": "bar"
            },
            {
                "name": "Zinc Bar",
                "address": "82 W 3rd St, New York, NY 10012, USA",
                "phone": "",
                "website": "https://www.zincjazz.com/",
                "keyword": "bar"
            },
            {
                "name": "KGB Bar",
                "address": "85 E 4th St, New York, NY 10003, USA",
                "phone": "(347) 441-4481",
                "website": "http://www.kgbbar.com/",
                "keyword": "bar"
            },
            {
                "name": "Bar Veloce",
                "address": "176 7th Ave, New York, NY 10011, USA",
                "phone": "(212) 260-3200",
                "website": "http://www.barveloce.com/",
                "keyword": "bar"
            },
            {
                "name": "Cancun bar",
                "address": "120 NJ-27, New Brunswick, NJ 08901, USA",
                "phone": "",
                "website": "",
                "keyword": "bar"
            },
            {
                "name": "#1 Bar & Grill",
                "address": "479 W Union Ave, Bound Brook, NJ 08805, USA",
                "phone": "(732) 271-0997",
                "website": "",
                "keyword": "bar"
            },
            {
                "name": "Scruffy Duffy's Bar",
                "address": "639 10th Ave, New York, NY 10036, USA",
                "phone": "(646) 609-4820",
                "website": "http://scruffyduffys.com/",
                "keyword": "bar"
            },
            {
                "name": "Break Bar And Billiards",
                "address": "32-04 Broadway, Queens, NY 11106, USA",
                "phone": "(718) 777-5400",
                "website": "http://break-ny.com/",
                "keyword": "bar"
            },
            {
                "name": "St. Pat's Bar & Grill NYC",
                "address": "22 W 46th St, New York, NY 10036, USA",
                "phone": "(212) 391-1111",
                "website": "http://stpatsbar.com/",
                "keyword": "bar"
            },
            {
                "name": "Brandy's Piano Bar",
                "address": "235 E 84th St, New York, NY 10028, USA",
                "phone": "(212) 744-4949",
                "website": "http://www.brandyspianobar.com/",
                "keyword": "bar"
            },
            {
                "name": "Charlies Sports Bar",
                "address": "4408 60th St, Woodside, NY 11377, USA",
                "phone": "(718) 478-1903",
                "website": "",
                "keyword": "bar"
            },
            {
                "name": "Accidental Bar",
                "address": "98 Loisaida Ave, New York, NY 10009, USA",
                "phone": "",
                "website": "https://www.accidentalbar.com/",
                "keyword": "bar"
            },
            {
                "name": "Cozy Sports bar & grill",
                "address": "329 Ferry St, Newark, NJ 07105, USA",
                "phone": "(973) 491-9500",
                "website": "",
                "keyword": "bar"
            },
            {
                "name": "Sean's Bar & Kitchen",
                "address": "42 W 48th St, New York, NY 10036, USA",
                "phone": "(212) 764-9090",
                "website": "https://www.seansbarandkitchen.com/",
                "keyword": "bar"
            },
            {
                "name": "McHale's Bar & Grill",
                "address": "251 W 51st St, New York, NY 10019, USA",
                "phone": "(212) 957-5138",
                "website": "http://www.mchalespub.com/",
                "keyword": "bar"
            },
            {
                "name": "GO SPORTS BAR & LOUNGE",
                "address": "289 S Broadway, Yonkers, NY 10705, USA",
                "phone": "",
                "website": "https://gosportsbarlounge.business.site/",
                "keyword": "bar"
            },
            {
                "name": "La Famosa Bar",
                "address": "117 Remsen Ave, New Brunswick, NJ 08901, USA",
                "phone": "(732) 873-6470",
                "website": "",
                "keyword": "bar"
            },
            {
                "name": "Talon Bar",
                "address": "220 Wyckoff Ave, Brooklyn, NY 11237, USA",
                "phone": "(718) 366-3192",
                "website": "http://talonbar.com/",
                "keyword": "bar"
            },
            {
                "name": "Bar Next Door at La Lanterna di Vittorio",
                "address": "129 MacDougal St, New York, NY 10012, USA",
                "phone": "(917) 639-3236",
                "website": "https://lalanterna.nyc/live-jazz",
                "keyword": "bar"
            },
            {
                "name": "Pioneers Bar NYC",
                "address": "138 W 29th St, New York, NY 10001, USA",
                "phone": "",
                "website": "http://pioneersbar.com/",
                "keyword": "bar"
            },
            {
                "name": "Rudy's Bar & Grill",
                "address": "627 9th Ave, New York, NY 10036, USA",
                "phone": "(646) 707-0890",
                "website": "http://www.rudysbarnyc.com/",
                "keyword": "bar"
            },
            {
                "name": "BAR GOTO",
                "address": "245 Eldridge St, New York, NY 10002, USA",
                "phone": "",
                "website": "http://bargoto.com/",
                "keyword": "bar"
            },
            {
                "name": "The Toolbox Bar",
                "address": "1742 2nd Ave store, New York, NY 10128, USA",
                "phone": "(212) 348-1288",
                "website": "https://www.thetoolboxnyc.com/",
                "keyword": "bar"
            },
            {
                "name": "Merrion Square Pub",
                "address": "1840 2nd Ave, New York, NY 10128, USA",
                "phone": "(212) 831-7696",
                "website": "https://kubiti.blog/merrion_square_pub/",
                "keyword": "bar"
            },
            {
                "name": "Tap And Growler Bar & Grill",
                "address": "363 Main St, Sayreville, NJ 08872, USA",
                "phone": "(732) 253-7226",
                "website": "http://www.tapandgrowlerbar.com/",
                "keyword": "bar"
            },
            {
                "name": "Barracuda Bar",
                "address": "275 W 22nd St, New York, NY 10011, USA",
                "phone": "",
                "website": "",
                "keyword": "bar"
            },
            {
                "name": "Bar Dalia",
                "address": "33-17 31st Ave, Queens, NY 11106, USA",
                "phone": "(347) 507-1218",
                "website": "https://bardalia.nyc/",
                "keyword": "bar"
            },
            {
                "name": "Bungalow Bar",
                "address": "377 Beach 92nd St, Queens, NY 11693, USA",
                "phone": "(718) 945-2100",
                "website": "http://bungalowbarny.com/",
                "keyword": "bar"
            },
            {
                "name": "Skylark Bar",
                "address": "200 French St, New Brunswick, NJ 08901, USA",
                "phone": "",
                "website": "",
                "keyword": "bar"
            }
        ]
    }
}